Songs I Love	Artists	URI
Superheroes	The Script	Superheroes	spotify:track:5ml7wqgv2ZZ5JJ6U8ZLon9
River Flows In You - Original	Yiruma	First Love (Yiruma Piano Collection)	spotify:track:47ZWr1Nb0PUgmKgyg5JkgO
Counting Stars	OneRepublic	Native	spotify:track:6sy3LkhNFjJWlaeSMNwQ62
I Just Wanna Run	The Downtown Fiction	Best I Never Had	spotify:track:2S4CfxZG29GZWwDeMtBq2R
Jar of Hearts	Christina Perri	lovestrong.	spotify:track:0HZhYMZOcUzZKSFwPOti6m
Shining Down (feat. Matthew Santos)	Lupe Fiasco, Matthew Santos	Shining Down	spotify:track:0hkRONsyMGzkhJGc56L5v0
Go Go Gadget Flow	Lupe Fiasco	Lupe Fiasco's The Cool	spotify:track:2aLVUQS8wipdinBxqm5YBE
If I Lose Myself	OneRepublic	Native	spotify:track:7hIRQZhDjab4YgqkkkehV9
Airplanes, Pt. II (feat. Eminem & Hayley Williams of Paramore)	B.o.B, Eminem, Hayley Williams	B.o.B Presents: The Adventures of Bobby Ray	spotify:track:4zlS6uTUQFankHs3wpTEM1
Holiday / Boulevard of Broken Dreams	Green Day	American Idiot	spotify:track:0MsrWnxQZxPAcov7c74sSo
Never Let You Go (feat. Ryan Tedder)	B.o.B, Ryan Tedder	Strange Clouds	spotify:track:2MGHQ63oFXoBLuUmOABBWX
What Goes Around.../...Comes Around (Interlude)	Justin Timberlake	FutureSex/LoveSounds Deluxe Edition	spotify:track:4ZrEjG3Vef85NTve8ptC9Q
Apologize	OneRepublic	Dreaming Out Loud	spotify:track:1NrJYpdAi7uosDRPmSYrsG
Beautiful Lasers (2 Ways) [feat. MDMA]	Lupe Fiasco, MDMA	Lasers	spotify:track:4S93LxVPsmbcI3jJTEWkGw
Marchin On	OneRepublic	Waking Up	spotify:track:4BUtvtGTRvJB49Hx2F7lle
be my forever (feat. Ed Sheeran)	Christina Perri, Ed Sheeran	head or heart	spotify:track:7wlUU1sJ9Md89P1xgLyUGV
In Your Arms	Nico & Vinz	In Your Arms	spotify:track:2cG8MViLjQYJKpxhNlgYAR
Not Afraid	Eminem	Recovery	spotify:track:2JXlRVBgLHqhfphmjXyVBZ
Yellow Flicker Beat	Lorde	Yellow Flicker Beat (From The Hunger Games: Mockingjay Part 1)	spotify:track:0Nf53RDPZEjFrQE4B5n6Vf
burning gold	Christina Perri	head or heart	spotify:track:0n450TgdXT9BLURLyUV0qt
Goodbye	Glenn Morrison, Islove	Goodbye (feat. Islove)	spotify:track:6G5L5Jx0dBIwZZ9YsjTCOH
Ghosts	The Presets	Pacifica	spotify:track:17qyE3zCNdfOKmH3SXMwFX
Vivir Mi Vida	Marc Anthony	Vivir Mi Vida	spotify:track:3tm3GG9BBOYhUzKWlS6A74
BURN IT DOWN	Linkin Park	LIVING THINGS	spotify:track:7oVEtyuv9NBmnytsCIsY5I
Danza Kuduro	Don Omar, Lucenzo	Meet The Orphans	spotify:track:2a1o6ZejUi8U3wzzOtCOYw
Au Revoir	OneRepublic	Native	spotify:track:1p50TN8eyDm3mJHZVgcTxm
A Sky Full of Stars	Coldplay	A Sky Full of Stars	spotify:track:6HFbq7cewJ7rPiffV0ciil
Hey Brother	Avicii	True	spotify:track:4RXpgGM7A4Hg7cFBoH5KyF
Fly	Nicki Minaj, Rihanna	Pink Friday	spotify:track:6mjEABpi5cQ5gqFFOkR1Cc
Preacher	OneRepublic	Native	spotify:track:4XOVGSQjmxtSbt3pKk0Ouh
21 Guns	Green Day	21st Century Breakdown	spotify:track:64yrDBpcdwEdNY9loyEGbX
All This Time	OneRepublic	Waking Up (Deluxe)	spotify:track:48FuVo0KwE3N7Fqmc8cT4r
Come Home	OneRepublic	Dreaming Out Loud	spotify:track:0bJfgUyjfPJYqRgUxb12Eh
All Fall Down	OneRepublic	Dreaming Out Loud	spotify:track:1zjJg21AG4sXU9wzbQnQiQ
All We Are	OneRepublic	Dreaming Out Loud	spotify:track:1Jx69b09LKTuBQxkEiFfVX
The End Where I Begin	The Script	The Script	spotify:track:7DQS4VkizbhSGPO2nlHj2y
Beautiful Pain	Eminem, Sia	The Marshall Mathers LP2 (Deluxe)	spotify:track:7hiBhOh4s8G0xmGYBAjyuw
The Heart Wants What It Wants	Selena Gomez	The Heart Wants What It Wants	spotify:track:6wJwkMo278iWVlWl1XQ4WA
Let Her Go	Passenger	All The Little Lights	spotify:track:7DFNE7NO0raLIUbgzY2rzm
Things We Lost In The Fire	Bastille	All This Bad Blood	spotify:track:6qOxF7JKKNegcuocn14ukr
All of Me	John Legend	Love In The Future (Expanded Edition)	spotify:track:3U4isOIWM3VvDubwSI3y7a
Wavin' Flag - Coca-Cola® Celebration Mix	K'NAAN	Troubadour	spotify:track:02WDuAXXKumemrvsmrVBvH
How to Save a Life	The Fray	How To Save A Life	spotify:track:5fVZC9GiM4e8vu99W0Xf6J
No Love	Eminem, Lil Wayne	Recovery	spotify:track:7bHT9osSq1rwT2yaImzqCi
Young Blood	Bea Miller	Young Blood	spotify:track:14GFF1WXZENCeouhvcA2KX
Sun Goes Down (feat. Jasmine Thompson) - Radio Mix	Robin Schulz, Jasmine Thompson	Prayer	spotify:track:4zLBcDtvYNVtF9fnG6lme3
Atlantico	Roberto Cacciapaglia	Quarto Tempo	spotify:track:4zZj11smhpOntZlP6S9xj0
The Scientist	Coldplay	A Rush of Blood to the Head	spotify:track:75JFxkI2RXiU7L9VXzMkle
Angel in Blue Jeans	Train	Angel in Blue Jeans	spotify:track:2OpY5KKUvkYAkiY8FEG1Wi
Bed Of Lies	Nicki Minaj, Skylar Grey	Bed Of Lies	spotify:track:70WYUK1HKXHfwoDexKQHvd
Do I Wanna Know?	Arctic Monkeys	AM	spotify:track:3jfr0TF6DQcOLat8gGn7E2
Prelude For Time Feelers	Eluvium	Copia	spotify:track:74K5lZTuJa2w87IPTzxKaz
The Show Goes On	Lupe Fiasco	Lasers	spotify:track:4NTWZqvfQTlOMitlVn6tew
Never Say Never	The Fray	The Fray	spotify:track:57uX2vR9j9DNiANDYfXw1i
You Found Me	The Fray	The Fray	spotify:track:4IoYz8XqqdowINzfRrFnhi
All of Me	Jasmine Thompson	Another Bundle of Tantrums	spotify:track:2vE8eixhjxuOTcK8tVLJ7c
I've Gotta Be Me	Ryan Tedder, Contraband	I've Gotta Be Me	spotify:track:2CzAp5x08qdfnK5zuMhHQs
Never Seen Anything "Quite Like You"	The Script	No Sound Without Silence	spotify:track:71qNRlNDnPahvATE7Zl4Nw
Flares	The Script	No Sound Without Silence	spotify:track:3mTEYjm3kIm4YzJ5zxJZjs
Is This All	Van Ness Wu, Ryan Tedder	C'est La "V"	spotify:track:2JMWj3mh5mTA1ADOTiyRpS
Something Big	Shawn Mendes	Something Big	spotify:track:5f0WLQquCf955JPSnt7JvR
Lost Generation	Big K.R.I.T., Lupe Fiasco	Cadillactica (Deluxe)	spotify:track:1pTkYdpzo8KPpHFFkI9xLA
Won't Stop	OneRepublic	Dreaming Out Loud	spotify:track:5ZEY2HUEstaLlhxGoWmzCE
Walk Away (feat. B.o.B)	The Script, B.o.B	Science & Faith	spotify:track:007YzRKaY8AP8kZhzjDoUM
Science & Faith	The Script	Science & Faith	spotify:track:5NvEVTdjIlh4zx5ZseaZCI
Open Your Eyes (Deep Blue Songspell)	Bea Miller	Open Your Eyes (Deep Blue Songspell)	spotify:track:5yMw5BFXdKtbrSSUk1Qroi
Headphones	Matt Nathanson, LOLO	Headphones	spotify:track:487En8Tg4r6Na9wSOWyMEZ
CASTLE OF GLASS	Linkin Park	LIVING THINGS	spotify:track:1r1fPuhj9H4VdXr7OK6FL5
Numb	Linkin Park	Meteora (Bonus Edition)	spotify:track:0kO3njY9N1Rxgv27Ha1lLh
Sun Goes Down - Acoustic Version	Jasmine Thompson	Take Cover	spotify:track:6nYHvWaevxhm6AwX8QsvlU
Laughter Lines	Bastille	All This Bad Blood	spotify:track:3D8BHRb8r4tE494LrtXffE
Follow Your Arrow	Kacey Musgraves	Same Trailer Different Park	spotify:track:4CLPNURPcKztF9RRdcWLGP
Merry Go 'Round	Kacey Musgraves	Same Trailer Different Park	spotify:track:5UDqWOgDdixYMAgAyNbpgh
Team	Lorde	Team	spotify:track:4SGPZVMQoFWSh2yvbThK2o
Remission (feat. Jennifer Hudson & Common)	Lupe Fiasco, Common, Jennifer Hudson	Remission (feat. Jennifer Hudson & Common)	spotify:track:7E58Pj6CClu9m2YycRgISe
Unforgivable Youth (feat. Jason Evigan)	Lupe Fiasco, Jason Evigan	Food & Liquor II: The Great American Rap Album, Pt. 1	spotify:track:6L4gedEcOILuA2nMUNC7Vt
Battle Scars	Lupe Fiasco, Guy Sebastian	Food & Liquor II: The Great American Rap Album, Pt. 1	spotify:track:1hWYT0w2R0J19rlVkiez7X
A Little Too Not Over You	David Archuleta	David Archuleta	spotify:track:10QsFPJ3owUxJKe0fzA1A2
The Instrumental (feat. Jonah Matranga)	Lupe Fiasco, Jonah Matranga	Lupe Fiasco's Food & Liquor	spotify:track:1gsnHGopfdevZt7gbmygOq
All The Right Moves	OneRepublic	Waking Up	spotify:track:5XRHGXut00SrJUFmcn2lQF
Good Life	OneRepublic	Waking Up	spotify:track:6OtCIsQZ64Vs1EbzztvAv4
Waking Up	OneRepublic	Waking Up	spotify:track:1GQO5U0Sx74BUoH1faCUWC
Secrets	OneRepublic	Waking Up	spotify:track:1NhPKVLsHhFUHIOZ32QnS2
Bless The Broken Road	Rascal Flatts	Feels Like Today	spotify:track:4YjjNHtEsTX6Af4mCTupT5
Mad World	Jasmine Thompson	Another Bundle of Tantrums	spotify:track:5v4h7WjgIqPzcSR1dhpegh
No Good in Goodbye	The Script	No Sound Without Silence	spotify:track:0Dv4DdNy1xnhNcCd9YVoiH
The Energy Never Dies	The Script	No Sound Without Silence	spotify:track:5W2FRXOq70ADDROFMvWky8
Thinking out Loud	Ed Sheeran	x (Deluxe Edition)	spotify:track:34gCuhDGsG4bRPIf9bb02f
Who We Are	Tristan Prettyman	Back to Home	spotify:track:6XCPQygbj33s7OUxlbo6bX
Bleeding Out	Imagine Dragons	Night Visions (Deluxe)	spotify:track:2auTfKFcoQd7z2uFCeuaww
I'm Yours	The Script	The Script	spotify:track:6R9Hr8YQs2fKjOG7TdWDsg
Enough for Now	The Fray	The Fray	spotify:track:4esR3WJ3pwNYGYmwDaBow0
Keep On Wanting	The Fray	Helios	spotify:track:1CREYYq1k6c2JTo2WeFF4o
Prayer in C - Robin Schulz Radio Edit	Lilly Wood and The Prick, Robin Schulz	Prayer	spotify:track:7cQw68C5DPirUJRzy3fOnN
My Heart Is Open	Maroon 5, Gwen Stefani	V	spotify:track:6l5AAEJhBR9Zku6qgI9Fo2
Glory (From the Motion Picture Selma)	Common, John Legend	Glory (From the Motion Picture Selma)	spotify:track:2fmqPLRFdJNPhLU3b2NSFp
All at Once	The Fray	How To Save A Life	spotify:track:40NUp6VJswDOlGp63Pxybe
Angels	Joshua Radin	Onward and Sideways	spotify:track:3snm9mUBIbySHnqwMZkPgx
Ungodly Hour	The Fray	The Fray	spotify:track:6V2SKZhymLim16ri8A7K6h
Passenger	OneRepublic	Waking Up (Deluxe)	spotify:track:3LzDGNWo1EuIN1bW2RTw2x
Primadonna	MARINA	Electra Heart (Deluxe)	spotify:track:5tFMuAw6X2R4NLx97g7n9q
I'm a Ruin	MARINA	I'm a Ruin	spotify:track:5pOzroelnE4idr6EcHOynD
If Today Was Your Last Day	Nickelback	Dark Horse	spotify:track:4QJLKU75Rg4558f4LbDBRi
Just A Dream	Nelly	5.0	spotify:track:3ZdJffjzJWFimSQyxgGIxN
Never Be Alone	Shawn Mendes	Never Be Alone	spotify:track:2K4qtTAE8fjFaIUBFTuj1a
Happy	MARINA	Happy	spotify:track:0fwDfxTGB0Q7LQZkviQVDl
Willow	Jasmine Thompson	Under the Willow Tree	spotify:track:2PeQP3wjJ0ogwbUr1X6tU1
Fire	Gavin DeGraw	Fire	spotify:track:4DJZTapBDzc9UOpB0uv1tG
Bulletproof Picasso	Train	Bulletproof Picasso	spotify:track:5lV5h6gXFWmfOtMv7Q6Q6n
Lose Yourself - Soundtrack Version	Eminem	Lose Yourself	spotify:track:6atDVsk39X4LS1C3hdgX5l
Nothing Really Matters	Mr. Probz	Nothing Really Matters	spotify:track:7fWSIddv6LJG8ZXJFNVQyi
Uma Thurman	Fall Out Boy	American Beauty/American Psycho	spotify:track:5PUawWFG1oIS2NwEcyHaCr
I Want You To Know	Zedd, Selena Gomez	I Want You To Know	spotify:track:6izhPbUU3CeMYvTT74YHnb
One Man Can Change The World	Big Sean, Kanye West, John Legend	Dark Sky Paradise (Deluxe)	spotify:track:2wyHiXes5gsguT8mwYofbC
Fear and Loathing	MARINA	Electra Heart (Deluxe)	spotify:track:26jxcJ2O89Zfm5vneRzoVF
Riding To New York	Passenger	Whispers (Deluxe)	spotify:track:0yVsB7VhYZ0lIAfGU30TWk
Riptide	Vance Joy	Dream Your Life Away	spotify:track:7yq4Qj7cqayVTp3FF9CWbm
Oh No!	MARINA	The Family Jewels (Deluxe)	spotify:track:0VVNXqaDwfHngG2gXaOtlI
Uprising	Muse	The Resistance	spotify:track:4VqPOruhp5EdPBeR92t6lQ
What Child Is This	David Archuleta	Christmas From The Heart	spotify:track:62MVZaKdyMlkCtohEKjwKe
Set Fire to the Rain	Adele	21	spotify:track:3CKCZ9pfwAfoMZlMncA1Nc
Lighters	Bad Meets Evil, Bruno Mars	Hell: The Sequel (Deluxe)	spotify:track:5zpDHEU12zATwLGvozxPw2
The One	Kodaline	The One	spotify:track:2Hx6AziCjGVjCRKuaTIxLA
The Outsider	MARINA	The Family Jewels (Deluxe)	spotify:track:0HoGBNeSbGXwrI2OR6N7WC
Kids In The Dark	All Time Low	Kids In The Dark	spotify:track:1EoJh1bswhlUpfzvEI7W6y
Forget	MARINA	Forget	spotify:track:6UwBEqbTO9bSXCx5JVRw2n
If You Could See Me Now	The Script	#3	spotify:track:4VTL9bM6qaSTsYGVianqzr
By The Grace Of God	Katy Perry	PRISM (Deluxe)	spotify:track:2IRK3qdY6BzbKxKr8eBk8o
Hey, Soul Sister	Train	Save Me, San Francisco	spotify:track:24YvUQnuPL8gObCfSnAobH
Summertime Sadness	Lana Del Rey	Born To Die - The Paradise Edition	spotify:track:2dBwB667LHQkLhdYlwLUZK
Over My Head (Cable Car)	The Fray	How To Save A Life	spotify:track:1N62wozuHCvczCkY4QidpP
Letting Go (feat. Sarah Green)	Lupe Fiasco, Sarah Green	Lasers	spotify:track:61o1yp5QGkMhgM6rivMJ0v
Hall of Fame (feat. will.i.am)	The Script, will.i.am	#3	spotify:track:1X1DWw2pcNZ8zSub3uhlNz
Stop And Stare	OneRepublic	Dreaming Out Loud	spotify:track:48s0QHJgmiNsth3WEO6U4M
Feel Again	OneRepublic	Native	spotify:track:75hLNJfiXV5k2YGrbGEW51
Free Chilly (feat. Sarah Green & GemStones) - Interlude	Lupe Fiasco, Gemstones, Sarah Green	Lupe Fiasco's The Cool	spotify:track:3VkAjkB2HYkXyrCqj3ZG3m
A Little More	Machine Gun Kelly, Victoria Monét	A Little More	spotify:track:5wPphxKvFY0IbwNU5dhYhB
My Life	Slaughterhouse, CeeLo Green	My Life	spotify:track:1Y9VSn3VAOulS3MmUHPPcb
Something's Gotta Give	All Time Low	Something's Gotta Give	spotify:track:0BMGyqvrjuJExY6jcVAtX2
Renegades	X Ambassadors	Renegades	spotify:track:3wLfy6C6qhOxHpU64YYKGz
Patient Love	Passenger	All the Little Lights	spotify:track:5c8c7LbnfeudIhLt9BF6Lm
This Is How We Roll	Florida Georgia Line, Luke Bryan	Here's To The Good Times...This Is How We Roll	spotify:track:2TR7A4ulH9R1PNwMyd8o8U
Words I Never Said (feat. Skylar Grey)	Lupe Fiasco, Skylar Grey	Lasers	spotify:track:7DoztWwHdttU17kwzKChLc
Numb / Encore	JAY-Z, Linkin Park	Collision Course (Deluxe Version)	spotify:track:7dyluIqv7QYVTXXZiMWPHW
Best Friend	Yelawolf, Eminem	Best Friend	spotify:track:05M16OdD4MsaC19Cc2A6LL
Mowgli's Road	MARINA	The Family Jewels (Deluxe)	spotify:track:1BGwYa9aK1rDp3qLqbbbHb
Take Your Time	Sam Hunt	Montevallo	spotify:track:6DEaND0SHv3sC11xobZLiy
Show Me What I'm Looking For	Carolina Liar	Coming To Terms	spotify:track:2h8iXIwEdEnQywhFC4q5e5
Old Scars / Future Hearts	All Time Low	Future Hearts	spotify:track:5kjKiLCznooPWDQQGwuxo9
Of These Chains	Red	of Beauty and Rage	spotify:track:0j7vsZifULuuYwbjZolMAN
Are You Satisfied?	MARINA	The Family Jewels (Deluxe)	spotify:track:4fBccEs6Ao7Dy8jJSrFjms
All the Little Lights	Passenger	All the Little Lights	spotify:track:1Sb0F7I9bGa4VfPbgm0BoL
Tears Fall	Jacquie	Tears Fall	spotify:track:7AwywoYsLhJNxxAcEZzQML
Photograph	Ed Sheeran	x (Deluxe Edition)	spotify:track:1HNkqx9Ahdgi1Ixy2xkKkL
Adore - Acoustic Version	Jasmine Thompson	Adore	spotify:track:7pPz728tZVIFWSfsvyLbUE
La Da Dee	Cody Simpson	Surfers Paradise	spotify:track:6f3Kn4QtwZPU2IvwwDSbLF
Goodbye, Apathy	OneRepublic	Dreaming Out Loud	spotify:track:78wnWRrd97aaheZBz16K2H
Somewhere In My Car	Keith Urban	Somewhere In My Car	spotify:track:3MFV4DgrAOXz6KURPQxRj9
Wait	NF	Mansion	spotify:track:3DfIQJULYY97h8mUtzewve
Fight Song	Rachel Platten	Fight Song - EP	spotify:track:6bRbeEgg8v8BQ0HuVuPE7v
Obsessions	MARINA	The Family Jewels	spotify:track:0X3VdkebZGTuL9sMOMoyHy
Watch Me Rise	Mikky Ekko	Time (Spotify Exclusive)	spotify:track:3UEM6JwE7AQ2mi2TXegfRZ
Working It Out - Apollo Edition Version	James Blunt	Moon Landing (Special Apollo Edition)	spotify:track:0dIi5kmxSjpaRiAQrCfJYN
Our Last Days	The Fray	Helios	spotify:track:6xphDvC3ctr99cgNFKErB4
Bonfire Heart	James Blunt	Moon Landing	spotify:track:6H2NtlZr110yO3uwphiTKk
When I Find Love Again - Apollo Edition Version	James Blunt	Smoke Signals EP	spotify:track:1NBO7Zi2gy6UovWHe6A1m1
The Only One	James Blunt	Moon Landing	spotify:track:3wLIjxgviQ217OJD1kSDBA
Postcards	James Blunt	Moon Landing	spotify:track:1NjO5wvoY6TKhbHyNFFx7M
She Is	The Fray	How To Save A Life	spotify:track:5Re8AyLirdL9F5VeLI8JzN
Pay for It (feat. Kendrick Lamar & Chantal)	Jay Rock, Kendrick Lamar, Chantal	Pay for It (feat. Kendrick Lamar & Chantal)	spotify:track:3uya2Ph2zB84JMR28vqWK0
Immortal	MARINA	Immortal	spotify:track:1gK1aTyM5p05SOY8EG64ng
Bones	James Blunt	Moon Landing	spotify:track:6qt3dy70aj4hDlocqgEMzQ
Syndicate	The Fray	The Fray	spotify:track:7trg1faBmQrr7zxr4U7SOr
Impossible	Shontelle	No Gravity	spotify:track:45EDI3rk0f4cAMt9f8b56R
Absolute	The Fray	The Fray	spotify:track:6sSDEFMeyf16WRDLRCXwTc
Face the Sun	James Blunt	Moon Landing	spotify:track:2leGZYMwS4KBUqAWdJqaGF
Gang Related	Logic	Under Pressure (Deluxe)	spotify:track:1Kp6WFxRzc0sRBmGSgIYat
I See You	Luke Bryan	Crash My Party (Deluxe)	spotify:track:2xU8vkMMz0kOtrm5SfGFf4
Beautiful Now	Zedd, Jon Bellion	True Colors	spotify:track:2ISSQPb9LHHiV6ng2NXosL
Blame It on Me	George Ezra	Wanted on Voyage	spotify:track:2prdNAY0rlnRSEer2WDBMs
Young Again (feat. Chris Jones)	Hardwell, Chris Jones	United We Are	spotify:track:34KQF8skhr9S0b2Y6N7RIq
A Thousand Years	Christina Perri	A Thousand Years	spotify:track:6lanRgr6wXibZr8KgzXxBl
Flight	Lifehouse	Flight	spotify:track:6RFl76IIkZLE6FozNwuXLh
100 Years	Five For Fighting	The Battle For Everything	spotify:track:0B5KeB25moPkcQUnbDvj3t
One for the Pain	Lifehouse	Out of the Wasteland	spotify:track:4P7gEQhC2ymxA2JyKC5zYX
Never Forget You (feat. John Legend)	Lupe Fiasco, John Legend	Lasers	spotify:track:16M784K4oOtOPZENwXpH0G
Between The Raindrops	Lifehouse, Natasha Bedingfield	Almeria (Deluxe)	spotify:track:1nxGSNnFCpDLwm3umCOUpi
Oh, Calamity!	All Time Low	Don't Panic: It's Longer Now!	spotify:track:40t2E0HHaaUTp0dolN4dNp
Savages	MARINA	Froot	spotify:track:3YjH3TIf5SOpFlnqlRdNAE
Car Radio	Twenty One Pilots	Vessel	spotify:track:5cbpoIu3YjoOwbBDGUEp3P
The Nights	Avicii	The Days / Nights	spotify:track:0ct6r3EGTcMLPtrXHDvVjc
Graveyard Whistling	Nothing But Thieves	Graveyard Whistling - EP	spotify:track:3H0RNo34qa7mXkJMyl4y88
You And Me	Lifehouse	Lifehouse	spotify:track:7L605WhF5EGf34ggj87yK6
Bloodstream	Ed Sheeran	x (Deluxe Edition)	spotify:track:5v4sZRuvWDcisoOk1PFv6T
Legacy	Eminem	The Marshall Mathers LP2 (Deluxe)	spotify:track:1mavQ4WCzXSeL2Dm5DS4GQ
White Dress	Ben Rector	Into the Morning	spotify:track:464W82gBeqIpmKrVFVFHDd
When A Heart Breaks	Ben Rector	Into the Morning	spotify:track:3YepPgEDVEXccOBcLHDZ3v
Beautiful	Ben Rector	The Walking in Between	spotify:track:69fUU58Xu9Lk5Bsd3aQBcE
Doubt	Twenty One Pilots	Blurryface	spotify:track:57yL3161hUMuw06zzzUCHi
Riser	Dierks Bentley	RISER	spotify:track:0HccAcPMNevr8ERJCWlFk3
Start of Something Good	Daughtry	Break The Spell (Deluxe Version)	spotify:track:0dEI6hv2ovN18wcYC3Wygi
Lost In Stereo	All Time Low	Nothing Personal (Deluxe Version)	spotify:track:3y3p0SdofrcavUCKhA5poS
Adventure of a Lifetime	Coldplay	A Head Full of Dreams	spotify:track:69uxyAqqPIsUyTO8txoP2M
It Is What It Is	Lifehouse	Smoke & Mirrors (Deluxe)	spotify:track:26thy6jviwfdVaPLAKVu2B
Laura Palmer	Bastille	Laura Palmer	spotify:track:5N7CaBng9A9XCIbWNsFtZT
Remember the Name (feat. Styles of Beyond)	Fort Minor, Styles Of Beyond	The Rising Tied	spotify:track:6ljbkNIzfmFrGyYUTUAleN
Better Than That	MARINA	Froot	spotify:track:2UvO88i50M3SzJvtRWmDed
Kids	MGMT	Oracular Spectacular	spotify:track:1jJci4qxiYcOHhQR247rEU
End of all Time	Stars of Track and Field	A Time for Lions	spotify:track:5YCn4Mgrljd1oxMHLz5ZwR
Runnin' (Lose It All)	Naughty Boy, Beyoncé, Arrow Benjamin	Runnin' (Lose It All)	spotify:track:5yZvaUVyuXfSVUaMumFi6l
Runnin'	Machine Gun Kelly, Planet Vi	Lace Up (Deluxe)	spotify:track:0lgVoUJ2uVH9dwCFPJ3VI6
God (feat. John Legend)	Scarface, John Legend	Deeply Rooted	spotify:track:5DmGr4kMnpQzSwdWVgnIXu
Adore	Jasmine Thompson	Adore	spotify:track:0q3xdwnXoHgHsc32CxpTG4
Something 'Bout Love	David Archuleta	The Other Side of Down	spotify:track:25pU0SsW1StdsEQbsFC7qP
First	Cold War Kids	Hold My Home	spotify:track:0aGSUNleFqs5HNEJcwqvXJ
Backseat Serenade - Live From Spotify UK	All Time Low	Spotify Sessions	spotify:track:4WTMZu7JLGEfZZqgeiCu6c
Holding on to You	Twenty One Pilots	Vessel	spotify:track:3C3cr2JQwXIhqAHqOardVO
Heaven Forbid	The Fray	How To Save A Life	spotify:track:2x8aFYMNPezraBxfjxnQEP
Like The World Is Going To End	Ben Rector	Brand New	spotify:track:3Rx2TyzPHp8FMcwGpmaADS
Pursuit Of Happiness (Nightmare)	Kid Cudi, MGMT, Ratatat	Man On The Moon: The End Of Day (Deluxe)	spotify:track:6MtKObWYda2qnNIpJI21uD
Heartbeat	The Fray	Scars & Stories	spotify:track:2atYprr9JsQaLynGhrWhld
We Don't Believe What's on TV	Twenty One Pilots	Blurryface	spotify:track:22OqansuvEMQu9W0EfiGTI
No Tears	James Blunt	Some Kind of Trouble	spotify:track:4hQp5DyfZlCPXj0tZ1IgmL
Celeste	Ezra Vine	Celeste EP	spotify:track:23cj0rlc0UtTBaCg60VCkm
Mechanical Heart	Jon D	Alone Together	spotify:track:6sYTp01Ks4lVytk2XXndTI
Fire and the Flood	Vance Joy	Dream Your Life Away (Special Edition)	spotify:track:6liNJDyWJjyHAgDnAX95bw
Say (All I Need)	OneRepublic	Dreaming Out Loud	spotify:track:6H4vq5gz0rlNjH0LBzu4An
Mercy	OneRepublic	Dreaming Out Loud	spotify:track:13UwDYcdDOT6akJZRGVCEy
Broken	Lifehouse	Who We Are	spotify:track:5f6cTFoUenDiCJDGecYiuB
Rootless	MARINA	The Family Jewels (Deluxe)	spotify:track:7eicEMj4PFpo4uJr7FlMHZ
Over	Drake	Thank Me Later	spotify:track:6BdgtqiV3oXNqBikezwdvC
Love Don't Die	The Fray	Helios	spotify:track:6IDDwI0YOCAUDhMZltQekS
Before You Start Your Day	Twenty One Pilots	Twenty One Pilots	spotify:track:4izhmF4sQgGemZpLC68bC5
More Than Miles	Brantley Gilbert	Halfway To Heaven (Deluxe Edition)	spotify:track:28ov70yrukmJDAFtiThdTS
Woke The F*ck Up - Acoustic	Jon Bellion	Woke The F*ck Up (Acoustic)	spotify:track:7ocpW0qgXkvsc2OhKCDc0q
The City	The Game, Kendrick Lamar	The R.E.D. Album	spotify:track:6m49tZii9UUttOgDozxjI1
Raging (feat. Kodaline)	Kygo, Kodaline	Raging (feat. Kodaline)	spotify:track:6DsFZITJMPnh8z5XewfVmL
Listen (feat. John Legend)	David Guetta	Listen Again	spotify:track:0tYszKcoxeQqH5JGbgWVjm
One Call Away	Charlie Puth	One Call Away	spotify:track:2uEJanMvnA1dXgX1ASnPQm
Talk	Kodaline	In A Perfect World	spotify:track:16Lt4xHuWNaMX9JNzEpq9n
Tompkins Square Park	Mumford & Sons	Wilder Mind (Deluxe)	spotify:track:06W19SYNeONXCtnATuIIt0
You Don't Know Her Like I Do	Brantley Gilbert	Halfway To Heaven (Deluxe Edition)	spotify:track:4WnY4W5KrqglCdIus8X9Bo
Amerika	Young the Giant	Amerika	spotify:track:4Z9MTyi3hsR9GzU7egzgcS
Monster	Imagine Dragons	Monster	spotify:track:15U1oYrykViB8l4xywoy2Y
A Car, A Torch, A Death	Twenty One Pilots	Twenty One Pilots	spotify:track:5zTX7MeCrTX5ZBFSqJS7XZ
Something I Need	OneRepublic	Native	spotify:track:4KANJH1baadr3U7XsVbM17
We Won't Sleep	Handsome Ghost	Steps	spotify:track:5D7L0HYjQC9Zu9xjJCUfrY
Chasing The Sun	Sara Bareilles	The Blessed Unrest	spotify:track:6lzlRAp5VqLLF78PwnfHjq
Transmission	Zedd, Logic, X Ambassadors	True Colors	spotify:track:1Bh8jtOXIBIRUUghbrwUTX
What Am I Becoming?	POP ETC	Souvenir	spotify:track:0aTsRTMdA1vUNPE87i3sNE
Wherever I Go	OneRepublic	Wherever I Go	spotify:track:0KdwmtG44yIDpyie4b0jCn
I Am Not a Robot	MARINA	The Family Jewels (Deluxe)	spotify:track:0f8AJ9aUHn4uCxHRs43gv6
Drive	Halsey	BADLANDS	spotify:track:5F5hhx63QBhlTpM71bvRvY
Shine A Light	BANNERS	BANNERS	spotify:track:2nZco160YsPJdiTPq396aq
Buzzcut Season	Lorde	Pure Heroine (Extended)	spotify:track:3ShTaJBCOclymogQNzPde7
Something to Believe In	Young the Giant	Something to Believe In	spotify:track:4EYvEheGn4usgCp0sxYJhD
You Should Be Here	Cole Swindell	You Should Be Here	spotify:track:63thx7OANplv4I4BQsanHk
I'm Good	The Mowgli's	Kids In Love	spotify:track:5KQDGl3vAkNGyfvSbaW89E
Make The Money	Macklemore & Ryan Lewis	The Heist	spotify:track:6tCsLAvknuypVnjq2fJwlB
Glory And Gore	Lorde	Pure Heroine	spotify:track:60jI0JgMLLj1VggHJVhtRs
20/20 (feat. Logic)	Lungz, Logic	Inebriation	spotify:track:0PqUxCPmkCGs4RR33t9g4U
Half Light	BANNERS	Half Light	spotify:track:1tYOB844iD7HxHvPtwDPNu
Lies	MARINA	Electra Heart (Deluxe)	spotify:track:2k4yzd3YejgP3kqOo0FOnS
Ditmas	Mumford & Sons	Wilder Mind	spotify:track:3e6s8Z4MRSNgvNhVvpuUiw
iRobot	Jon Bellion	The Human Condition	spotify:track:453QwgDIG95NmmLqSxnPsR
Guillotine	Jon Bellion, Travis Mendes	The Human Condition	spotify:track:2FK1qmw8XNBqUe5CcgTVnE
Somebody's Love - Single Version	Passenger	Somebody's Love	spotify:track:10D6VJLgBNPJLDCGJH8NKM
Somebody's Love	Passenger	Somebody's Love	spotify:track:5BcFYp0b986w9L50ItRV9q
Heathens	Twenty One Pilots	Heathens	spotify:track:6i0V12jOa3mr6uu4WYhUBr
Woke The F*ck Up	Jon Bellion	Woke The F*ck Up	spotify:track:1OR2QkSykQUPvdSu5ALd8D
There's Alot Going On	VIC MENSA	There's Alot Going On	spotify:track:5XSQ9gBCM5iableEqmzUIC
So Appalled	Kanye West, JAY-Z, Pusha T, CyHi The Prynce, Swizz Beatz, RZA	My Beautiful Dark Twisted Fantasy	spotify:track:6K07Ahf6V7CAQn0ikrOztl
Anna Sun	WALK THE MOON	Walk The Moon	spotify:track:3e0yTP5trHBBVvV32jwXqF
Cough Syrup	Young the Giant	Young The Giant (Special Edition)	spotify:track:1UqhkbzB1kuFwt2iy4h29Q
Say When	The Fray	The Fray	spotify:track:3lqrCvTI9YRt62FR5JSTom
Blood Stutter	Handsome Ghost	Blood Stutter - Single	spotify:track:55bwpavHoYVUv55RQ6kzhi
Blood Stutter - Color Study Remix	Handsome Ghost, Pell, Color Study	Blood Stutter (Color Study Remix)	spotify:track:6QCq4e1MsraVgDh9CqpNg4
FML	Kanye West	The Life Of Pablo	spotify:track:34kRg5EbCB3r20QXZbnGeY
Color - Remastered	Finish Ticket	When Night Becomes Day	spotify:track:2HNnYRJIlsM1JHn1Nq8qU7
Patient Love - Acoustic	Passenger	All the Little Lights	spotify:track:78AZkP0MwxLXU1bR5wEOc0
Brother (feat. Gavin DeGraw)	NEEDTOBREATHE, Gavin DeGraw	Brother	spotify:track:62M9yafZsSRzlsphzeJPGo
Fake It	Bastille	Fake It	spotify:track:6fWhk0vHoM2p63CaV3nF5h
Glow	Ella Henderson	Chapter One	spotify:track:4T4pVyVG5bw9Y2XWOSfucb
Message Man	Twenty One Pilots	Blurryface	spotify:track:4Oyl6oYSNeeZZP0OAxPVaU
All That I'm Asking For	Lifehouse	Smoke & Mirrors (Deluxe)	spotify:track:1qBfbEZHtLldk1BvlubLBw
Figure it Out (feat. Kanye West & Nas)	French Montana, Kanye West, Nas	Figure it Out (feat. Kanye West & Nas)	spotify:track:0vgtBFdPTkZwQ2gmFu7Dra
Repeat	Young the Giant	Home of the Strange	spotify:track:7w5Ww1cW8U9v8Q3g4qLpVD
Scars To Your Beautiful	Alessia Cara	Know-It-All (Deluxe)	spotify:track:0prNGof3XqfTvNDxHonvdK
Singing Low	The Fray	Singing Low	spotify:track:3EyxoXTZuR5kBZcJDRC8wm
Everything	Passenger	Young as the Morning Old as the Sea (Deluxe Version)	spotify:track:3n4CsVh7NuZq6DfOfUKoen
Choke	OneRepublic	Oh My My	spotify:track:5xtliWYBVT4cKo9BtBn43B
Better	OneRepublic	Oh My My	spotify:track:5oLP3yTZ7oQlRJ8bSCWvzN
Time Capsule - Radio Edit	Little Simz, Jakwob, Caitlyn Scarlett	Time Capsule	spotify:track:3ytS0TJyuw33rZgvM7LhD1
Lift Me Up	OneRepublic	Oh My My	spotify:track:0x7oCog91UWqiYJQEee3uK
Diamond Heart	Lady Gaga	Joanne (Deluxe)	spotify:track:45CPhDilfgK14IE7LbNvPh
Born	OneRepublic	Oh My My	spotify:track:797fEwjPjyNhkoQCHDkzne
Shattered [Turn The Car Around]	O.A.R.	All Sides	spotify:track:32oh9wNU89gmX6CohLTdeG
The Good In Me	Jon Bellion	The Human Condition	spotify:track:0XA9B3KXLmdgaQ2KcIJa3h
Follow You Down	Kelvin Jones	Stop The Moment (Deluxe)	spotify:track:4kRlUYw3zYGyJOAMyGwkRe
Numb	David Archuleta	Numb	spotify:track:3vfxnkgMIvFFrp2WMzNvwu
Wait for It	Leslie Odom Jr., Original Broadway Cast of Hamilton	Hamilton (Original Broadway Cast Recording)	spotify:track:7EqpEBPOohgk7NnKvBGFWo
Numb	MARINA	The Family Jewels (Deluxe)	spotify:track:7o0mAugA9fQfmZsqpcrO6U
Falling Stars	David Archuleta	The Other Side of Down	spotify:track:2BckVu3lbLIckDVqYjmwF8
As You Wake Up	Kelvin Jones	Stop The Moment (Deluxe)	spotify:track:4rUghS8EoHUjS2N0PsaDQ5
Let's Hurt Tonight	OneRepublic	Oh My My	spotify:track:05sCp83gcMm1iecYydKJS3
Going To Mars	Judah & the Lion	Going To Mars	spotify:track:3n6d51lFJx8v6GWvkfBqvK
Green Light	Lorde	Green Light	spotify:track:3FQ26GroLnhQEja48FKYqT
All We Ever Knew	The Head And The Heart	All We Ever Knew	spotify:track:5wrGviDHdJ2MYgDRow14cu
Pieces	Rob Thomas	The Great Unknown	spotify:track:2LBhwMS0iYId8BWfNIiOuG
Heaven	OneRepublic	Oh My My	spotify:track:1lFHaHvZeLf6XrOqX6iLlS
Girls	MARINA	The Family Jewels (Deluxe)	spotify:track:3a7gsCzUONAukMK5nRbqQw
Restless	Cold War Kids	Restless	spotify:track:3UQ3taRMUgjAhp0sQ8TYNj
Dark Paradise	Lana Del Rey	Born To Die - The Paradise Edition	spotify:track:2Y115i0IhELJhyyftvoSFt
Fifteen	Taylor Swift	Fearless	spotify:track:4t0OI7XrODjSkAu3bTPmWj
You Belong With Me	Taylor Swift	Fearless	spotify:track:3GCL1PydwsLodcpv0Ll1ch
You're Not Sorry	Taylor Swift	Fearless	spotify:track:0HmCuN0Z3OX1Qrz43FLOPL
Love Story	Taylor Swift	Fearless	spotify:track:1vrd6UOGamcKNGnSHJQlSt
Back To December	Taylor Swift	Speak Now	spotify:track:3DrjZArsPsoqbLzUZZV1Id
Sparks Fly	Taylor Swift	Speak Now	spotify:track:6d9IiDcFxtFVIvt9pCqyGH
Haunted	Taylor Swift	Speak Now	spotify:track:28M2gifMU282QBM3fKajIS
Sober	Lorde	Sober	spotify:track:54m8lblSFYP3EQ84MBu6vq
Sober II (Melodrama)	Lorde	Melodrama	spotify:track:54ucfuN596MU25jQD3KjCL
Rockin' Chairs	Brantley Gilbert	Rockin' Chairs	spotify:track:53qfgayrFK7ITUXcSAFhUW
Rich Love (with Seeb)	OneRepublic, Seeb	Rich Love	spotify:track:7dOeiXeTSfA1ixaYmQcWu7
Silence	Marshmello, Khalid	Silence	spotify:track:7vGuf3Y35N4wmASOKLUVVU
Money Power Glory	Lana Del Rey	Ultraviolence (Deluxe)	spotify:track:7Ms58r8G6Y0r1XLtpwoGxN
Love The Way You Lie (Part II) - Pt. 2	Rihanna, Eminem	Loud	spotify:track:1TQ4mYHM62h6HvYa9AZRMT
Into It	Camila Cabello	Camila	spotify:track:2gxqozTaq2NYylvS8jd57G
Homesick	Dua Lipa	Dua Lipa (Deluxe)	spotify:track:5E5MqaS6eOsbaJibl3YeMZ
Seeing Blind	Niall Horan, Maren Morris	Flicker (Deluxe)	spotify:track:65wnZsZLKJimfK1cTFOfa1
Get Out Of Your Own Way	U2	Songs Of Experience (Deluxe Edition)	spotify:track:4nXYb4yc3c1a3NWqdpDrnd
End Game	Taylor Swift, Ed Sheeran, Future	reputation	spotify:track:2x0WlnmfG39ZuDmstl9xfX
Too Much To Ask	Niall Horan	Flicker (Deluxe)	spotify:track:39jXnbACjiaiTwwhsr5sY5
Writer In The Dark	Lorde	Melodrama	spotify:track:193Dm5SqYy3hTSbuzxbwKc
Slide (feat. Frank Ocean & Migos)	Calvin Harris, Frank Ocean, Migos	Slide (feat. Frank Ocean & Migos)	spotify:track:6gpcs5eMhJwax4mIfKDYQk
Seasons (feat. Khalid)	6LACK, Khalid	East Atlanta Love Letter	spotify:track:1AROE0XcC4ySCxXF65mutZ
Mural Jr.	Lupe Fiasco	DROGAS WAVE	spotify:track:2IrSemsc1jSOCPnbXGrU5u
Superposition	Young the Giant	Mirror Master	spotify:track:67YPjbcxUypwNOwYBZquq1
Orange Trees	MARINA	Orange Trees	spotify:track:5KgjRZKraoTkHAUONmVFo1
Guiding Light	Mumford & Sons	Delta	spotify:track:63J2iqaDDp92P1eZgvuELp
True	MARINA	LOVE	spotify:track:18LVTbRPKBFyuXI26lAITe
Soft to Be Strong	MARINA	Love + Fear	spotify:track:7djURPDp051cljWov6NyPy
Life Is Strange	MARINA	Love + Fear	spotify:track:4ZTX8P6yC1dv6CY7b0Ql3g
high & dry	mxmtoon	the masquerade (high & dry / prom dress)	spotify:track:7o96u1spqcNwctcM43jrUx
Eraser	Ed Sheeran	÷ (Deluxe)	spotify:track:7oolFzHipTMg2nL7shhdz2
Someday - Acoustic	OneRepublic	Human (Deluxe)	spotify:track:5CJQMw0y824OWaQJSlszY5
betty	Taylor Swift	folklore (deluxe version)	spotify:track:7w0hHA41usBpo8isfAtl1g
‘tis the damn season	Taylor Swift	evermore	spotify:track:4GBkffrtA51p17JH35irGA

